{
    "train_reward": [
        -1.0040747825749696,
        -1.0020641310255982,
        -1.0033365530609042,
        -15.007365017027443,
        -3.007721829966267
    ],
    "train_steps": [
        5,
        3,
        5,
        15,
        9
    ],
    "train_avg_reward": [
        -0.20081495651499393,
        -0.33402137700853274,
        -0.20066731061218085,
        -1.0004910011351629,
        -0.33419131444069633
    ],
    "a_loss": [
        -0.3308083001557682,
        -0.28625494408643465,
        -0.2224618832438296,
        -0.3020972394782148,
        -0.2510527626840038
    ],
    "v_loss": [
        0.3687302074623836,
        0.3295957386133969,
        0.3645597307985275,
        0.4501196657098539,
        0.3328860559527949
    ],
    "train_episodes": 5
}