{
    "train_reward": [
        -7.0055178451215365,
        -3.0030743535716553,
        0.9955982901589174,
        0.9928016360272115,
        -5.007823379399721
    ],
    "train_steps": [
        11,
        3,
        4,
        3,
        10
    ],
    "train_avg_reward": [
        -0.6368652586474124,
        -1.001024784523885,
        0.24889957253972936,
        0.33093387867573715,
        -0.5007823379399721
    ],
    "a_loss": [
        -0.06219462074902901,
        -0.07308658404908581,
        -0.08934528130151476,
        -0.047626680106344,
        -0.06013785123065629
    ],
    "v_loss": [
        0.4230031321592262,
        0.3315775618586119,
        0.3525533589291445,
        0.33176935952069847,
        0.3898931750788459
    ],
    "train_episodes": 5
}